﻿<?xml version="1.0" encoding="utf-8"?>
<feed xmlns="http://www.w3.org/2005/Atom">

  <id>urn:uuid:F9268CD1-3230-46A7-BD1D-023A2620A33B</id>
  <title>Conan Server Manager Version Feed</title>
  <subtitle>This is the Conan Server Manager beta version feed.</subtitle>
  <link href="http://servermanagers.freeforums.net/" />
  <updated>2018-06-04T05:20:00Z</updated>

  <entry>
    <id>urn:uuid:FD6846CF-EB17-4466-A571-D64FB68912B5</id>
    <title>1.0.9 (1.0.9.5)</title>
    <summary>1.0.9.5</summary>
    <link href="" />
    <updated>2018-06-04T05:20:00Z</updated>
    <content type="xhtml">
      <div xmlns="http://www.w3.org/1999/xhtml" style="font-family: Arial, Verdana, Helvetica, Sans-Serif;font-size: .8em;">
        <p>
          <u style="font-size: .9em;">CHANGE</u>
          <br/>
          <ul>
            <li>Mod Details - grid background changed to blue, if mod details could not be downloaded from steam. Private mods and mod that have been removed from steam workshop.</li>
          </ul>
        </p>
      </div>
    </content>
    <author>
      <name>bletch</name>
      <email>bletch1971@hotmail.com</email>
    </author>
  </entry>

  <entry>
    <id>urn:uuid:8B6012A1-6101-4749-85E0-6259132EDC67</id>
    <title>1.0.9 (1.0.9.4)</title>
    <summary>1.0.9.4</summary>
    <link href="" />
    <updated>2018-06-01T23:30:00Z</updated>
    <content type="xhtml">
      <div xmlns="http://www.w3.org/1999/xhtml" style="font-family: Arial, Verdana, Helvetica, Sans-Serif;font-size: .8em;">
        <p>
          <u style="font-size: .9em;">CHANGE</u>
          <br/>
          <ul>
            <li>QueryMaster - reverted changes, causing to many problems I cannot be bothered with.</li>
          </ul>
        </p>
      </div>
    </content>
    <author>
      <name>bletch</name>
      <email>bletch1971@hotmail.com</email>
    </author>
  </entry>

  <entry>
    <id>urn:uuid:6CB67969-A042-48E9-96BF-48F8B5648623</id>
    <title>1.0.9 (1.0.9.3)</title>
    <summary>1.0.9.3</summary>
    <link href="" />
    <updated>2018-06-01T11:50:00Z</updated>
    <content type="xhtml">
      <div xmlns="http://www.w3.org/1999/xhtml" style="font-family: Arial, Verdana, Helvetica, Sans-Serif;font-size: .8em;">
        <p>
          <u style="font-size: .9em;">CHANGE</u>
          <br/>
          <ul>
            <li>Rcon Window - changed the order the server status and player list is started.</li>
            <li>Rcon Window - added null reference checking for send command results.</li>
          </ul>
        </p>
      </div>
    </content>
    <author>
      <name>bletch</name>
      <email>bletch1971@hotmail.com</email>
    </author>
  </entry>

  <entry>
    <id>urn:uuid:ACB827EE-BC9C-4C73-A33C-664CD75862CF</id>
    <title>1.0.9 (1.0.9.2)</title>
    <summary>1.0.9.2</summary>
    <link href="" />
    <updated>2018-06-01T09:10:00Z</updated>
    <content type="xhtml">
      <div xmlns="http://www.w3.org/1999/xhtml" style="font-family: Arial, Verdana, Helvetica, Sans-Serif;font-size: .8em;">
        <p>
          <u style="font-size: .9em;">CHANGE</u>
          <br/>
          <ul>
            <li>QueryMaster - updated to latest version of querymaster library. Could cause problems with RCON window, online players when shutting down, and player counts.</li>
          </ul>
        </p>
      </div>
    </content>
    <author>
      <name>bletch</name>
      <email>bletch1971@hotmail.com</email>
    </author>
  </entry>

  <entry>
    <id>urn:uuid:9B11FEBF-FD54-4C4F-B1A4-3A9CDBAEB311</id>
    <title>1.0.9 (1.0.9.1)</title>
    <summary>1.0.9.1</summary>
    <link href="" />
    <updated>2018-05-31T06:00:00Z</updated>
    <content type="xhtml">
      <div xmlns="http://www.w3.org/1999/xhtml" style="font-family: Arial, Verdana, Helvetica, Sans-Serif;font-size: .8em;">
        <p>
          <u style="font-size: .9em;">CHANGE</u>
          <br/>
          <ul>
            <li>Mod Details - when the steam fetch fails, basic mod details are read from the local workshop cache file, if one exists.</li>
            <li>Mod Details - grid background changed to blue, if mod record is invalid.</li>
            <li>Mod Details - added mod fetch status message if failed.</li>
            <li>Out of Date Mods - changed to exclude mods that are invalid (no steam information).</li>
          </ul>
        </p>
      </div>
    </content>
    <author>
      <name>bletch</name>
      <email>bletch1971@hotmail.com</email>
    </author>
  </entry>

</feed>