﻿<?xml version="1.0" encoding="utf-8"?>
<feed xmlns="http://www.w3.org/2005/Atom">

  <id>urn:uuid:F9268CD1-3230-46A7-BD1D-023A2620A33B</id>
  <title>Conan Server Manager Version Feed</title>
  <subtitle>This is the Conan Server Manager beta version feed.</subtitle>
  <link href="http://servermanagers.freeforums.net/" />
  <updated>2020-04-02T00:00:00Z</updated>

  <entry>
    <id>urn:uuid:AFF6E785-595E-47B9-82AF-526CD0BBBBA4</id>
    <title>1.0.24 (1.0.24.1)</title>
    <summary>1.0.24.1</summary>
    <link href="" />
    <updated>2020-04-02T00:00:00Z</updated>
    <content type="xhtml">
      <div xmlns="http://www.w3.org/1999/xhtml" style="font-family: Arial, Verdana, Helvetica, Sans-Serif;font-size: .8em;">
        <p>
          <u style="font-size: .9em;">BUGFIX</u>
          <br/>
          <ul>
            <li>Fixed the Auto-Restart Grace Period interval logic. It should work correctly now.</li>
          </ul>
          <u style="font-size: .9em;">CHANGE</u>
          <br/>
          <ul>
            <li>Global Settings - Auto-Restart section - added a note and fixed the tooltip.</li>
            <li>ru-RU Translation file updated. (thanks @varlonec)</li>
          </ul>
        </p>
      </div>
    </content>
    <author>
      <name>bletch</name>
      <email>bletch1971@hotmail.com</email>
    </author>
  </entry>

</feed>