﻿<?xml version="1.0" encoding="utf-8"?>
<feed xmlns="http://www.w3.org/2005/Atom">

  <id>urn:uuid:F9268CD1-3230-46A7-BD1D-023A2620A33B</id>
  <title>Conan Server Manager Version Feed</title>
  <subtitle>This is the Conan Server Manager beta version feed.</subtitle>
  <link href="http://servermanagers.freeforums.net/" />
  <updated>2018-05-27T03:30:00Z</updated>

  <entry>
    <id>urn:uuid:0AEA559F-3464-434A-82E4-498E4BA7D8CA</id>
    <title>1.0.7 (1.0.7.2)</title>
    <summary>1.0.7.2</summary>
    <link href="" />
    <updated>2018-05-27T03:30:00Z</updated>
    <content type="xhtml">
      <div xmlns="http://www.w3.org/1999/xhtml" style="font-family: Arial, Verdana, Helvetica, Sans-Serif;font-size: .8em;">
        <p>
          <u style="font-size: .9em;">BUGFIX</u>
          <br/>
          <ul>
            <li>Fix the bug when generating the support zip file.</li>
          </ul>
        </p>
      </div>
    </content>
    <author>
      <name>bletch</name>
      <email>bletch1971@hotmail.com</email>
    </author>
  </entry>

  <entry>
    <id>urn:uuid:9B11FEBF-FD54-4C4F-B1A4-3A9CDBAEB311</id>
    <title>1.0.7 (1.0.7.1)</title>
    <summary>1.0.7.1</summary>
    <link href="" />
    <updated>2018-05-27T01:00:00Z</updated>
    <content type="xhtml">
      <div xmlns="http://www.w3.org/1999/xhtml" style="font-family: Arial, Verdana, Helvetica, Sans-Serif;font-size: .8em;">
        <p>
          <u style="font-size: .9em;">BUGFIX</u>
          <br/>
          <ul>
            <li>Processor Affinity - fixed bug with machines that have more than 32 processors.</li>
            <li>Processor Affinity - removed code that checks the LauncherArgs for Affinity. Affinity can be set using the Affinity window, or the LauncherArgs.</li>
          </ul>
          <u style="font-size: .9em;">NEW</u>
          <br/>
          <ul>
            <li>Whitelist Server Files - Added new whitelist section to the server files. Creates the whitelist.txt file.</li>
            <li>Whitelist Filters - Added new whitelist filters to the RCON window and Player List Window.</li>
            <li>Whitelist Indicator - PLayers that are whitelisted now have a blue border around the player profile when offline.</li>
          </ul>
        </p>
      </div>
    </content>
    <author>
      <name>bletch</name>
      <email>bletch1971@hotmail.com</email>
    </author>
  </entry>

</feed>