﻿<?xml version="1.0" encoding="utf-8"?>
<feed xmlns="http://www.w3.org/2005/Atom">

  <id>urn:uuid:F9268CD1-3230-46A7-BD1D-023A2620A33B</id>
  <title>Conan Server Manager Version Feed</title>
  <subtitle>This is the Conan Server Manager beta version feed.</subtitle>
  <link href="http://servermanagers.freeforums.net/" />
  <updated>2020-04-21T00:00:00Z</updated>

  <entry>
    <id>urn:uuid:5ADD1255-C89E-4DEF-934A-03F129CBE779</id>
    <title>1.1.32 (1.1.32.1)</title>
    <summary>1.1.32.1</summary>
    <link href="" />
    <updated>2020-04-21T00:00:00Z</updated>
    <content type="xhtml">
      <div xmlns="http://www.w3.org/1999/xhtml" style="font-family: Arial, Verdana, Helvetica, Sans-Serif;font-size: .8em;">
        <p>
          <u style="font-size: .9em;">BUGFIX</u>
          <br/>
          <ul>
            <li>Server Setting Resets - added any missing settings to each reset methods.</li>
            <li>Server Setting Syncs - added any missing settings to each sync methods.</li>
            <li>New Profile Creation - fixed a bug that causes new profile to use the same profile id.</li>
          </ul>
        </p>
      </div>
    </content>
    <author>
      <name>bletch</name>
      <email>bletch1971@hotmail.com</email>
    </author>
  </entry>

</feed>